State,Total population,Number in poverty,Margin of error (±),Percent in poverty,Margin of error (±).1,Year
State,,,Margin of error (±) (29),,Margin of error (±) (29),2023
Alabama,4995.0,711.0,114,14.2,2.3,2023
Alaska,717.0,72.0,11,10.1,1.5,2023
Arizona,7210.0,861.0,160,11.9,2.2,2023
Arkansas,3011.0,416.0,56,13.8,1.9,2023
California,38550.0,4568.0,329,11.9,0.8,2023
Colorado,5876.0,498.0,98,8.5,1.7,2023
Connecticut,3620.0,301.0,68,8.3,1.9,2023
Delaware,1034.0,81.0,20,7.8,1.9,2023
District of Columbia,677.0,86.0,17,12.7,2.5,2023
Florida,22630.0,2622.0,276,11.6,1.2,2023
Georgia,11040.0,1427.0,213,12.9,2,2023
Hawaii,1415.0,116.0,28,8.2,2,2023
Idaho,1957.0,178.0,26,9.1,1.4,2023
Illinois,12540.0,1224.0,191,9.8,1.5,2023
Indiana,6832.0,566.0,95,8.3,1.4,2023
Iowa,3191.0,254.0,70,8.0,2.2,2023
Kansas,2889.0,254.0,56,8.8,1.9,2023
Kentucky,4445.0,603.0,118,13.6,2.5,2023
Louisiana,4482.0,964.0,97,21.5,2.2,2023
Maine,1392.0,103.0,32,7.4,2.3,2023
Maryland,6197.0,550.0,133,8.9,2.2,2023
Massachusetts,6925.0,632.0,102,9.1,1.4,2023
Michigan,9936.0,1199.0,162,12.1,1.6,2023
Minnesota,5779.0,417.0,89,7.2,1.5,2023
Mississippi,2896.0,462.0,62,16.0,2,2023
Missouri,6070.0,590.0,131,9.7,2.1,2023
Montana,1132.0,92.0,19,8.1,1.7,2023
Nebraska,1966.0,181.0,48,9.2,2.4,2023
Nevada,3234.0,449.0,72,13.9,2.3,2023
New Hampshire,1365.0,83.0,20,6.1,1.5,2023
New Jersey,9240.0,827.0,148,9.0,1.6,2023
New Mexico,2082.0,361.0,77,17.3,3.7,2023
New York,19240.0,2122.0,220,11.0,1.1,2023
North Carolina,10810.0,1470.0,223,13.6,2,2023
North Dakota,782.0,77.0,16,9.9,2,2023
Ohio,11570.0,1289.0,198,11.1,1.7,2023
Oklahoma,3942.0,508.0,94,12.9,2.4,2023
Oregon,4233.0,435.0,85,10.3,2,2023
Pennsylvania,12630.0,1301.0,184,10.3,1.5,2023
Rhode Island,1065.0,95.0,25,8.9,2.4,2023
South Carolina,5361.0,629.0,94,11.7,1.8,2023
South Dakota,890.0,67.0,14,7.5,1.6,2023
Tennessee,7093.0,757.0,139,10.7,2,2023
Texas,30260.0,3709.0,318,12.3,1.1,2023
Utah,3404.0,214.0,43,6.3,1.2,2023
Vermont,635.0,43.0,10,6.7,1.5,2023
Virginia,8649.0,815.0,163,9.4,1.9,2023
Washington,7888.0,689.0,128,8.7,1.6,2023
West Virginia,1744.0,232.0,42,13.3,2.5,2023
Wisconsin,5750.0,535.0,109,9.3,1.9,2023
State,,,Margin of error (±) (29),,Margin of error (±) (29),2022
Alabama,4990.0,681.0,100,13.6,2,2022
Alaska,708.0,68.0,12,9.6,1.7,2022
Arizona,7239.0,920.0,166,12.7,2.3,2022
Arkansas,2993.0,496.0,68,16.6,2.3,2022
California,38690.0,4346.0,346,11.2,0.9,2022
Colorado,5732.0,465.0,92,8.1,1.6,2022
Connecticut,3602.0,368.0,93,10.2,2.6,2022
Delaware,1035.0,97.0,23,9.3,2.2,2022
District of Columbia,654.0,88.0,16,13.4,2.4,2022
Florida,22190.0,2988.0,302,13.5,1.4,2022
Georgia,10920.0,1280.0,195,11.7,1.8,2022
Hawaii,1423.0,126.0,28,8.8,2,2022
Idaho,1947.0,159.0,27,8.2,1.4,2022
Illinois,12350.0,1173.0,170,9.5,1.4,2022
Indiana,6792.0,704.0,125,10.4,1.9,2022
Iowa,3183.0,299.0,58,9.4,1.9,2022
Kansas,2846.0,298.0,68,10.5,2.4,2022
Kentucky,4453.0,763.0,141,17.1,3.1,2022
Louisiana,4519.0,761.0,105,16.9,2.3,2022
Maine,1381.0,133.0,30,9.6,2.1,2022
Maryland,6202.0,535.0,127,8.6,2,2022
Massachusetts,6860.0,658.0,96,9.6,1.4,2022
Michigan,9961.0,1206.0,170,12.1,1.7,2022
Minnesota,5626.0,427.0,97,7.6,1.7,2022
Mississippi,2881.0,531.0,83,18.4,2.8,2022
Missouri,6057.0,693.0,101,11.4,1.7,2022
Montana,1119.0,117.0,20,10.4,1.7,2022
Nebraska,1946.0,154.0,45,7.9,2.3,2022
Nevada,3170.0,380.0,83,12.0,2.6,2022
New Hampshire,1385.0,115.0,26,8.3,1.9,2022
New Jersey,9151.0,799.0,162,8.7,1.8,2022
New Mexico,2113.0,427.0,89,20.2,4.1,2022
New York,19490.0,2480.0,287,12.7,1.5,2022
North Carolina,10740.0,1525.0,200,14.2,1.9,2022
North Dakota,764.0,74.0,15,9.7,2,2022
Ohio,11620.0,1154.0,171,9.9,1.5,2022
Oklahoma,3948.0,665.0,108,16.9,2.7,2022
Oregon,4230.0,419.0,89,9.9,2.1,2022
Pennsylvania,12740.0,1383.0,207,10.9,1.6,2022
Rhode Island,1069.0,90.0,24,8.4,2.2,2022
South Carolina,5262.0,677.0,120,12.9,2.2,2022
South Dakota,886.0,80.0,19,9.1,2.1,2022
Tennessee,7010.0,736.0,168,10.5,2.4,2022
Texas,29920.0,4031.0,310,13.5,1,2022
Utah,3338.0,200.0,47,6.0,1.4,2022
Vermont,641.0,58.0,12,9.0,1.8,2022
Virginia,8489.0,704.0,132,8.3,1.6,2022
Washington,7705.0,696.0,129,9.0,1.7,2022
West Virginia,1746.0,270.0,31,15.5,1.8,2022
Wisconsin,5807.0,386.0,80,6.6,1.4,2022
State,,,Margin of error (±) (29),,Margin of error (±) (29),2021
Alabama,4961.0,787.0,78,15.9,1.6,2021
Alaska,712.0,81.0,19,11.4,2.6,2021
Arizona,7303.0,922.0,144,12.6,2,2021
Arkansas,2981.0,502.0,55,16.8,1.9,2021
California,38770.0,4615.0,284,11.9,0.7,2021
Colorado,5724.0,455.0,103,7.9,1.8,2021
Connecticut,3553.0,285.0,70,8.0,1.9,2021
Delaware,996.0,117.0,23,11.7,2.3,2021
District of Columbia,650.0,91.0,14,14.0,2.2,2021
Florida,21650.0,2721.0,283,12.6,1.3,2021
Georgia,10670.0,1490.0,226,14.0,2.1,2021
Hawaii,1427.0,156.0,29,10.9,2,2021
Idaho,1905.0,177.0,33,9.3,1.7,2021
Illinois,12460.0,1339.0,192,10.7,1.5,2021
Indiana,6778.0,704.0,101,10.4,1.5,2021
Iowa,3182.0,309.0,48,9.7,1.5,2021
Kansas,2891.0,206.0,61,7.1,2.1,2021
Kentucky,4459.0,725.0,114,16.2,2.6,2021
Louisiana,4519.0,830.0,107,18.4,2.4,2021
Maine,1354.0,123.0,31,9.1,2.2,2021
Maryland,6095.0,469.0,100,7.7,1.7,2021
Massachusetts,6841.0,522.0,83,7.6,1.2,2021
Michigan,9842.0,1147.0,179,11.7,1.9,2021
Minnesota,5532.0,382.0,99,6.9,1.8,2021
Mississippi,2913.0,506.0,64,17.4,2.2,2021
Missouri,6046.0,742.0,168,12.3,2.8,2021
Montana,1114.0,120.0,20,10.7,1.8,2021
Nebraska,1970.0,159.0,38,8.1,1.9,2021
Nevada,3089.0,397.0,70,12.8,2.2,2021
New Hampshire,1390.0,96.0,23,6.9,1.7,2021
New Jersey,9220.0,698.0,123,7.6,1.3,2021
New Mexico,2097.0,377.0,56,18.0,2.7,2021
New York,19350.0,2428.0,231,12.5,1.2,2021
North Carolina,10600.0,1249.0,137,11.8,1.3,2021
North Dakota,760.0,65.0,11,8.5,1.5,2021
Ohio,11740.0,1364.0,185,11.6,1.6,2021
Oklahoma,3904.0,589.0,85,15.1,2.2,2021
Oregon,4220.0,389.0,85,9.2,2,2021
Pennsylvania,12640.0,1362.0,196,10.8,1.5,2021
Rhode Island,1087.0,102.0,27,9.4,2.5,2021
South Carolina,5214.0,713.0,101,13.7,2,2021
South Dakota,884.0,74.0,20,8.4,2.3,2021
Tennessee,6958.0,740.0,125,10.6,1.8,2021
Texas,29390.0,3977.0,341,13.5,1.2,2021
Utah,3333.0,264.0,56,7.9,1.7,2021
Vermont,631.0,47.0,10,7.5,1.6,2021
Virginia,8489.0,831.0,139,9.8,1.6,2021
Washington,7670.0,587.0,135,7.7,1.8,2021
West Virginia,1754.0,296.0,35,16.9,2.1,2021
Wisconsin,5910.0,551.0,115,9.3,1.9,2021
State,,,Margin of error (±) (29),,Margin of error (±) (29),2019
Alabama,4873.0,627.0,117,12.9,2.5,2019
Alaska,701.0,72.0,13,10.2,1.9,2019
Arizona,7285.0,725.0,151,9.9,2.1,2019
Arkansas,2915.0,412.0,59,14.1,2.1,2019
California,39370.0,3980.0,295,10.1,0.7,2019
Colorado,5768.0,535.0,139,9.3,2.5,2019
Connecticut,3490.0,291.0,62,8.3,1.8,2019
Delaware,971.0,63.0,18,6.5,1.8,2019
District of Columbia,702.0,88.0,13,12.5,1.8,2019
Florida,21400.0,2455.0,247,11.5,1.2,2019
Georgia,10350.0,1249.0,187,12.1,1.8,2019
Hawaii,1365.0,115.0,28,8.4,2.1,2019
Idaho,1794.0,127.0,25,7.1,1.4,2019
Illinois,12500.0,1160.0,160,9.3,1.3,2019
Indiana,6691.0,677.0,112,10.1,1.7,2019
Iowa,3137.0,298.0,57,9.5,1.8,2019
Kansas,2813.0,266.0,48,9.5,1.7,2019
Kentucky,4399.0,599.0,119,13.6,2.6,2019
Louisiana,4563.0,816.0,99,17.9,2.1,2019
Maine,1340.0,140.0,36,10.4,2.7,2019
Maryland,6067.0,424.0,107,7.0,1.8,2019
Massachusetts,6897.0,521.0,86,7.5,1.3,2019
Michigan,9901.0,1007.0,168,10.2,1.7,2019
Minnesota,5681.0,322.0,76,5.7,1.3,2019
Mississippi,2911.0,560.0,96,19.2,3.4,2019
Missouri,6063.0,568.0,163,9.4,2.8,2019
Montana,1053.0,102.0,12,9.7,1.2,2019
Nebraska,1885.0,165.0,37,8.7,1.9,2019
Nevada,3105.0,323.0,49,10.4,1.6,2019
New Hampshire,1351.0,49.0,15,3.7,1.1,2019
New Jersey,8738.0,554.0,105,6.3,1.2,2019
New Mexico,2058.0,315.0,38,15.3,1.8,2019
New York,19070.0,2382.0,235,12.5,1.2,2019
North Carolina,10470.0,1324.0,158,12.7,1.5,2019
North Dakota,749.0,61.0,10,8.1,1.4,2019
Ohio,11510.0,1424.0,194,12.4,1.7,2019
Oklahoma,3899.0,422.0,72,10.8,1.8,2019
Oregon,4135.0,336.0,72,8.1,1.8,2019
Pennsylvania,12550.0,1092.0,149,8.7,1.2,2019
Rhode Island,1047.0,96.0,22,9.2,2.1,2019
South Carolina,5144.0,775.0,98,15.1,1.9,2019
South Dakota,860.0,91.0,19,10.6,2.2,2019
Tennessee,6721.0,879.0,185,13.1,2.7,2019
Texas,28670.0,3174.0,288,11.1,1,2019
Utah,3232.0,236.0,76,7.3,2.4,2019
Vermont,615.0,53.0,12,8.6,1.9,2019
Virginia,8335.0,737.0,125,8.8,1.5,2019
Washington,7549.0,527.0,105,7.0,1.4,2019
West Virginia,1745.0,242.0,34,13.9,1.9,2019
Wisconsin,5730.0,479.0,92,8.4,1.6,2019
State,,,Margin of error (±) (29),,Margin of error (±) (29),2018
Alabama,4877.0,779.0,107,16.0,2.1,2018
Alaska,720.0,94.0,15,13.1,2,2018
Arizona,7241.0,929.0,132,12.8,1.8,2018
Arkansas,2912.0,462.0,63,15.9,2.1,2018
California,39150.0,4664.0,303,11.9,0.8,2018
Colorado,5739.0,521.0,84,9.1,1.5,2018
Connecticut,3413.0,348.0,71,10.2,2.1,2018
Delaware,976.0,72.0,15,7.4,1.6,2018
District of Columbia,692.0,102.0,13,14.7,1.8,2018
Florida,21120.0,2883.0,285,13.7,1.3,2018
Georgia,10420.0,1548.0,189,14.8,1.8,2018
Hawaii,1393.0,128.0,26,9.2,1.8,2018
Idaho,1766.0,202.0,41,11.5,2.3,2018
Illinois,12590.0,1292.0,214,10.3,1.6,2018
Indiana,6582.0,761.0,112,11.6,1.6,2018
Iowa,3110.0,277.0,49,8.9,1.6,2018
Kansas,2835.0,212.0,44,7.5,1.5,2018
Kentucky,4445.0,696.0,125,15.7,2.8,2018
Louisiana,4510.0,858.0,63,19.0,1.5,2018
Maine,1321.0,153.0,31,11.6,2.3,2018
Maryland,6030.0,480.0,82,8.0,1.3,2018
Massachusetts,6883.0,601.0,97,8.7,1.5,2018
Michigan,9913.0,1036.0,128,10.5,1.3,2018
Minnesota,5746.0,456.0,77,7.9,1.3,2018
Mississippi,2899.0,567.0,44,19.6,1.5,2018
Missouri,6026.0,745.0,133,12.4,2.3,2018
Montana,1041.0,107.0,20,10.3,2,2018
Nebraska,1893.0,199.0,41,10.5,2.1,2018
Nevada,3008.0,390.0,61,13.0,2,2018
New Hampshire,1349.0,82.0,18,6.1,1.3,2018
New Jersey,8790.0,725.0,107,8.2,1.2,2018
New Mexico,2054.0,342.0,44,16.6,2.1,2018
New York,19340.0,2145.0,181,11.1,1,2018
North Carolina,10370.0,1355.0,158,13.1,1.5,2018
North Dakota,745.0,72.0,15,9.7,2,2018
Ohio,11450.0,1365.0,189,11.9,1.6,2018
Oklahoma,3858.0,518.0,79,13.4,2,2018
Oregon,4172.0,404.0,74,9.7,1.8,2018
Pennsylvania,12520.0,1476.0,204,11.8,1.6,2018
Rhode Island,1036.0,92.0,25,8.9,2.3,2018
South Carolina,5036.0,642.0,74,12.8,1.5,2018
South Dakota,853.0,90.0,13,10.6,1.5,2018
Tennessee,6665.0,800.0,120,12.0,1.8,2018
Texas,28500.0,3894.0,285,13.7,1,2018
Utah,3173.0,219.0,61,6.9,2,2018
Vermont,616.0,60.0,12,9.7,1.8,2018
Virginia,8393.0,821.0,141,9.8,1.6,2018
Washington,7555.0,647.0,166,8.6,2.1,2018
West Virginia,1762.0,279.0,35,15.9,2,2018
Wisconsin,5795.0,499.0,89,8.6,1.5,2018
State,,,Margin of error (±) (29),,Margin of error (±) (29),2017
Alabama,4806.0,723.0,81,15.0,1.6,2017
Alaska,717.0,103.0,23,14.4,3.1,2017
Arizona,6990.0,926.0,176,13.2,2.5,2017
Arkansas,2924.0,432.0,46,14.8,1.5,2017
California,39240.0,4872.0,308,12.4,0.8,2017
Colorado,5527.0,427.0,87,7.7,1.6,2017
Connecticut,3555.0,388.0,69,10.9,2,2017
Delaware,967.0,89.0,16,9.2,1.6,2017
District of Columbia,692.0,94.0,12,13.6,1.8,2017
Florida,20890.0,2864.0,288,13.7,1.3,2017
Georgia,10230.0,1356.0,169,13.3,1.6,2017
Hawaii,1402.0,144.0,30,10.3,2.1,2017
Idaho,1732.0,202.0,33,11.7,2,2017
Illinois,12600.0,1379.0,173,10.9,1.3,2017
Indiana,6533.0,748.0,104,11.4,1.6,2017
Iowa,3054.0,278.0,61,9.1,2,2017
Kansas,2870.0,421.0,61,14.7,2.1,2017
Kentucky,4401.0,633.0,114,14.4,2.6,2017
Louisiana,4538.0,970.0,87,21.4,2,2017
Maine,1317.0,158.0,33,12.0,2.5,2017
Maryland,5967.0,467.0,102,7.8,1.6,2017
Massachusetts,6796.0,724.0,104,10.6,1.5,2017
Michigan,9889.0,1259.0,156,12.7,1.6,2017
Minnesota,5619.0,519.0,109,9.2,2,2017
Mississippi,2947.0,538.0,67,18.3,2.3,2017
Missouri,5979.0,666.0,141,11.1,2.3,2017
Montana,1039.0,101.0,16,9.7,1.5,2017
Nebraska,1875.0,194.0,38,10.4,2,2017
Nevada,2982.0,409.0,61,13.7,2,2017
New Hampshire,1334.0,88.0,21,6.6,1.5,2017
New Jersey,9007.0,774.0,135,8.6,1.5,2017
New Mexico,2040.0,380.0,49,18.6,2.5,2017
New York,19730.0,2641.0,247,13.4,1.3,2017
North Carolina,10290.0,1494.0,163,14.5,1.6,2017
North Dakota,742.0,84.0,16,11.3,2.1,2017
Ohio,11500.0,1458.0,168,12.7,1.5,2017
Oklahoma,3817.0,482.0,76,12.6,2,2017
Oregon,4199.0,430.0,99,10.2,2.3,2017
Pennsylvania,12570.0,1411.0,151,11.2,1.2,2017
Rhode Island,1045.0,127.0,25,12.2,2.5,2017
South Carolina,4959.0,773.0,92,15.6,1.8,2017
South Dakota,871.0,91.0,20,10.4,2.3,2017
Tennessee,6699.0,769.0,90,11.5,1.3,2017
Texas,28080.0,3768.0,298,13.4,1,2017
Utah,3127.0,269.0,56,8.6,1.8,2017
Vermont,613.0,63.0,13,10.2,2.1,2017
Virginia,8249.0,847.0,127,10.3,1.5,2017
Washington,7431.0,736.0,104,9.9,1.5,2017
West Virginia,1794.0,311.0,46,17.3,2.5,2017
Wisconsin,5808.0,551.0,71,9.5,1.2,2017
State,,,Margin of error (±) (29),,Margin of error (±) (29),2016
Alabama,4821.0,782.0,104,16.2,2.1,2016
Alaska,708.0,89.0,20,12.6,2.8,2016
Arizona,6878.0,1108.0,130,16.1,1.8,2016
Arkansas,2941.0,471.0,46,16.0,1.5,2016
California,39140.0,5435.0,288,13.9,0.7,2016
Colorado,5502.0,467.0,84,8.5,1.5,2016
Connecticut,3567.0,351.0,74,9.8,2.1,2016
Delaware,947.0,110.0,20,11.6,2.1,2016
District of Columbia,685.0,112.0,12,16.3,1.6,2016
Florida,20520.0,2659.0,206,13.0,1,2016
Georgia,10270.0,1580.0,191,15.4,1.8,2016
Hawaii,1392.0,129.0,28,9.3,2,2016
Idaho,1679.0,187.0,28,11.1,1.6,2016
Illinois,12580.0,1517.0,168,12.1,1.3,2016
Indiana,6493.0,768.0,110,11.8,1.6,2016
Iowa,3099.0,302.0,48,9.8,1.5,2016
Kansas,2859.0,321.0,54,11.2,2,2016
Kentucky,4383.0,667.0,94,15.2,2.1,2016
Louisiana,4573.0,923.0,76,20.2,1.6,2016
Maine,1317.0,167.0,31,12.7,2.3,2016
Maryland,5930.0,424.0,89,7.1,1.5,2016
Massachusetts,6775.0,649.0,92,9.6,1.3,2016
Michigan,9875.0,1091.0,135,11.1,1.3,2016
Minnesota,5430.0,470.0,81,8.7,1.5,2016
Mississippi,2943.0,622.0,76,21.1,2.5,2016
Missouri,5878.0,762.0,120,13.0,2,2016
Montana,1031.0,121.0,16,11.7,1.6,2016
Nebraska,1870.0,179.0,43,9.6,2.3,2016
Nevada,2941.0,298.0,63,10.1,2.1,2016
New Hampshire,1316.0,84.0,18,6.4,1.3,2016
New Jersey,8836.0,828.0,135,9.4,1.5,2016
New Mexico,2043.0,364.0,54,17.8,2.6,2016
New York,19460.0,2314.0,240,11.9,1.2,2016
North Carolina,10060.0,1363.0,173,13.6,1.6,2016
North Dakota,749.0,83.0,15,11.1,2,2016
Ohio,11440.0,1573.0,179,13.7,1.5,2016
Oklahoma,3911.0,571.0,120,14.6,3.1,2016
Oregon,4124.0,486.0,81,11.8,2,2016
Pennsylvania,12530.0,1396.0,165,11.1,1.3,2016
Rhode Island,1052.0,119.0,25,11.4,2.3,2016
South Carolina,4898.0,690.0,99,14.1,2,2016
South Dakota,855.0,124.0,21,14.5,2.5,2016
Tennessee,6652.0,988.0,143,14.9,2.1,2016
Texas,27660.0,3812.0,273,13.8,1,2016
Utah,3077.0,264.0,49,8.6,1.6,2016
Vermont,622.0,60.0,10,9.6,1.6,2016
Virginia,8163.0,929.0,137,11.4,1.6,2016
Washington,7289.0,800.0,99,11.0,1.3,2016
West Virginia,1808.0,326.0,51,18.0,2.8,2016
Wisconsin,5764.0,620.0,84,10.7,1.5,2016
State,,,Margin of error (±) (29),,Margin of error (±) (29),2015
Alabama,4820.0,784.0,99,16.3,2,2015
Alaska,703.0,65.0,10,9.2,1.5,2015
Arizona,6728.0,1156.0,138,17.2,2.1,2015
Arkansas,2951.0,475.0,44,16.1,1.5,2015
California,39080.0,5441.0,347,13.9,0.8,2015
Colorado,5420.0,538.0,114,9.9,2.1,2015
Connecticut,3572.0,324.0,71,9.1,2,2015
Delaware,958.0,106.0,20,11.1,2,2015
District of Columbia,676.0,113.0,13,16.6,2,2015
Florida,20070.0,3253.0,290,16.2,1.5,2015
Georgia,10100.0,1833.0,183,18.1,1.8,2015
Hawaii,1382.0,151.0,26,10.9,1.8,2015
Idaho,1657.0,204.0,35,12.3,2.1,2015
Illinois,12680.0,1380.0,171,10.9,1.3,2015
Indiana,6502.0,880.0,118,13.5,1.8,2015
Iowa,3100.0,321.0,64,10.4,2.1,2015
Kansas,2849.0,404.0,69,14.2,2.5,2015
Kentucky,4365.0,851.0,94,19.5,2.1,2015
Louisiana,4599.0,854.0,94,18.6,2,2015
Maine,1340.0,165.0,33,12.3,2.5,2015
Maryland,5892.0,566.0,115,9.6,2,2015
Massachusetts,6777.0,782.0,107,11.5,1.6,2015
Michigan,9852.0,1259.0,161,12.8,1.6,2015
Minnesota,5458.0,428.0,95,7.8,1.8,2015
Mississippi,2947.0,563.0,54,19.1,1.8,2015
Missouri,5946.0,582.0,117,9.8,2,2015
Montana,1018.0,121.0,20,11.9,2,2015
Nebraska,1858.0,192.0,30,10.3,1.6,2015
Nevada,2864.0,371.0,59,13.0,2.1,2015
New Hampshire,1293.0,94.0,21,7.3,1.6,2015
New Jersey,8936.0,1004.0,156,11.2,1.8,2015
New Mexico,2036.0,400.0,46,19.7,2.3,2015
New York,19650.0,2791.0,257,14.2,1.3,2015
North Carolina,9887.0,1509.0,156,15.3,1.6,2015
North Dakota,763.0,82.0,20,10.7,2.5,2015
Ohio,11440.0,1550.0,173,13.6,1.5,2015
Oklahoma,3887.0,551.0,74,14.2,1.8,2015
Oregon,4029.0,478.0,114,11.9,2.8,2015
Pennsylvania,12560.0,1542.0,176,12.3,1.5,2015
Rhode Island,1044.0,123.0,26,11.8,2.5,2015
South Carolina,4790.0,683.0,92,14.3,2,2015
South Dakota,848.0,118.0,16,13.9,2,2015
Tennessee,6605.0,973.0,115,14.7,1.8,2015
Texas,27400.0,4036.0,341,14.7,1.3,2015
Utah,3004.0,279.0,49,9.3,1.6,2015
Vermont,609.0,65.0,13,10.7,2.1,2015
Virginia,8216.0,894.0,133,10.9,1.6,2015
Washington,7193.0,819.0,89,11.4,1.3,2015
West Virginia,1795.0,261.0,76,14.5,4.3,2015
Wisconsin,5736.0,654.0,112,11.4,2,2015
State,,,Margin of error (±) (29),,Margin of error (±) (29),2014
Alabama,4765.0,848.0,87,17.8,1.8,2014
Alaska,694.0,82.0,13,11.9,2,2014
Arizona,6657.0,1409.0,125,21.2,1.8,2014
Arkansas,2891.0,532.0,72,18.4,2.5,2014
California,38670.0,6112.0,359,15.8,1,2014
Colorado,5376.0,661.0,118,12.3,2.1,2014
Connecticut,3577.0,308.0,72,8.6,2,2014
Delaware,929.0,103.0,16,11.0,1.6,2014
District of Columbia,657.0,125.0,15,19.0,2.1,2014
Florida,19690.0,3282.0,247,16.7,1.3,2014
Georgia,9948.0,1676.0,151,16.8,1.5,2014
Hawaii,1365.0,147.0,26,10.8,1.8,2014
Idaho,1606.0,199.0,36,12.4,2.3,2014
Illinois,12770.0,1756.0,183,13.7,1.5,2014
Indiana,6470.0,948.0,140,14.6,2.1,2014
Iowa,3078.0,317.0,54,10.3,1.8,2014
Kansas,2851.0,345.0,51,12.1,1.8,2014
Kentucky,4299.0,861.0,114,20.0,2.6,2014
Louisiana,4550.0,1049.0,87,23.1,2,2014
Maine,1300.0,190.0,33,14.6,2.5,2014
Maryland,5934.0,584.0,90,9.8,1.5,2014
Massachusetts,6653.0,902.0,117,13.6,1.8,2014
Michigan,9893.0,1462.0,148,14.8,1.5,2014
Minnesota,5417.0,447.0,87,8.3,1.6,2014
Mississippi,2961.0,654.0,61,22.1,2,2014
Missouri,5950.0,620.0,89,10.4,1.5,2014
Montana,1008.0,121.0,21,12.0,2.1,2014
Nebraska,1873.0,221.0,38,11.8,2,2014
Nevada,2819.0,478.0,74,17.0,2.6,2014
New Hampshire,1318.0,95.0,18,7.2,1.3,2014
New Jersey,8938.0,1013.0,148,11.3,1.6,2014
New Mexico,2030.0,406.0,54,20.0,2.6,2014
New York,19660.0,2755.0,237,14.0,1.2,2014
North Carolina,9823.0,1678.0,192,17.1,2,2014
North Dakota,731.0,71.0,8,9.7,1.2,2014
Ohio,11510.0,1792.0,179,15.6,1.5,2014
Oklahoma,3728.0,647.0,84,17.3,2.3,2014
Oregon,3955.0,570.0,77,14.4,2,2014
Pennsylvania,12620.0,1581.0,171,12.5,1.3,2014
Rhode Island,1046.0,119.0,23,11.3,2.1,2014
South Carolina,4764.0,788.0,84,16.5,1.8,2014
South Dakota,846.0,109.0,23,12.8,2.8,2014
Tennessee,6496.0,1122.0,123,17.3,2,2014
Texas,26680.0,4364.0,285,16.4,1,2014
Utah,2928.0,298.0,59,10.2,2,2014
Vermont,615.0,57.0,10,9.3,1.5,2014
Virginia,8257.0,842.0,120,10.2,1.5,2014
Washington,7079.0,852.0,135,12.0,2,2014
West Virginia,1822.0,376.0,49,20.6,2.8,2014
Wisconsin,5742.0,628.0,90,10.9,1.6,2014
State,,,Margin of error (±) (29),,Margin of error (±) (29),2012
Alabama,4808.0,777.0,150,16.2,3.1,2012
Alaska,702.0,70.0,13,10.0,1.8,2012
Arizona,6642.0,1260.0,183,19.0,2.8,2012
Arkansas,2909.0,584.0,84,20.1,3,2012
California,37910.0,6015.0,316,15.9,0.8,2012
Colorado,5153.0,613.0,100,11.9,2,2012
Connecticut,3517.0,363.0,49,10.3,1.5,2012
Delaware,900.0,121.0,18,13.5,2,2012
District of Columbia,632.0,116.0,15,18.4,2.1,2012
Florida,19170.0,2926.0,211,15.3,1.2,2012
Georgia,9665.0,1752.0,220,18.1,2.3,2012
Hawaii,1356.0,188.0,35,13.8,2.6,2012
Idaho,1588.0,229.0,36,14.4,2.3,2012
Illinois,12730.0,1608.0,161,12.6,1.3,2012
Indiana,6343.0,964.0,115,15.2,1.8,2012
Iowa,3010.0,310.0,36,10.3,1.3,2012
Kansas,2828.0,397.0,56,14.0,2.1,2012
Kentucky,4342.0,776.0,109,17.9,2.5,2012
Louisiana,4465.0,944.0,163,21.1,3.8,2012
Maine,1330.0,170.0,23,12.8,1.8,2012
Maryland,5892.0,585.0,77,9.9,1.3,2012
Massachusetts,6566.0,743.0,97,11.3,1.5,2012
Michigan,9731.0,1331.0,156,13.7,1.6,2012
Minnesota,5353.0,534.0,77,10.0,1.5,2012
Mississippi,2893.0,636.0,90,22.0,3.1,2012
Missouri,5956.0,905.0,141,15.2,2.5,2012
Montana,999.0,134.0,25,13.4,2.5,2012
Nebraska,1849.0,226.0,41,12.2,2.1,2012
Nevada,2735.0,433.0,53,15.8,2,2012
New Hampshire,1308.0,106.0,18,8.1,1.3,2012
New Jersey,8720.0,814.0,120,9.3,1.3,2012
New Mexico,2064.0,420.0,72,20.4,3.5,2012
New York,19300.0,3328.0,215,17.2,1.2,2012
North Carolina,9634.0,1652.0,207,17.2,2.1,2012
North Dakota,692.0,79.0,12,11.4,1.8,2012
Ohio,11400.0,1751.0,196,15.4,1.8,2012
Oklahoma,3700.0,668.0,76,18.0,2.1,2012
Oregon,3872.0,523.0,66,13.5,1.6,2012
Pennsylvania,12660.0,1756.0,183,13.9,1.5,2012
Rhode Island,1034.0,141.0,20,13.6,1.8,2012
South Carolina,4667.0,779.0,104,16.7,2.3,2012
South Dakota,822.0,106.0,18,12.8,2.1,2012
Tennessee,6422.0,1194.0,194,18.6,3.1,2012
Texas,26060.0,4444.0,316,17.0,1.2,2012
Utah,2849.0,312.0,74,11.0,2.6,2012
Vermont,615.0,69.0,12,11.2,1.8,2012
Virginia,7994.0,850.0,146,10.6,1.8,2012
Washington,6856.0,796.0,95,11.6,1.5,2012
West Virginia,1803.0,301.0,66,16.7,3.6,2012
Wisconsin,5628.0,640.0,81,11.4,1.5,2012
State,,,Margin of error (±) (29),,Margin of error (±) (29),2011
Alabama,4765.0,732.0,122,15.4,2.5,2011
Alaska,712.0,83.0,15,11.7,2.1,2011
Arizona,6547.0,1128.0,176,17.2,2.8,2011
Arkansas,2909.0,545.0,76,18.7,2.6,2011
California,37590.0,6352.0,332,16.9,1,2011
Colorado,5016.0,661.0,89,13.2,1.8,2011
Connecticut,3514.0,356.0,54,10.1,1.5,2011
Delaware,902.0,123.0,15,13.7,1.6,2011
District of Columbia,619.0,123.0,15,19.9,2.3,2011
Florida,18990.0,2822.0,224,14.9,1.2,2011
Georgia,9681.0,1783.0,201,18.4,2.1,2011
Hawaii,1337.0,162.0,30,12.1,2.3,2011
Idaho,1574.0,248.0,43,15.7,2.8,2011
Illinois,12700.0,1807.0,179,14.2,1.5,2011
Indiana,6344.0,989.0,137,15.6,2.1,2011
Iowa,3027.0,315.0,39,10.4,1.3,2011
Kansas,2807.0,402.0,53,14.3,2,2011
Kentucky,4302.0,689.0,99,16.0,2.3,2011
Louisiana,4494.0,947.0,123,21.1,2.6,2011
Maine,1328.0,178.0,23,13.4,1.8,2011
Maryland,5806.0,537.0,71,9.3,1.3,2011
Massachusetts,6514.0,688.0,90,10.6,1.5,2011
Michigan,9689.0,1449.0,165,15.0,1.6,2011
Minnesota,5276.0,528.0,76,10.0,1.5,2011
Mississippi,2932.0,510.0,66,17.4,2.3,2011
Missouri,5892.0,910.0,161,15.4,2.8,2011
Montana,986.0,163.0,26,16.5,2.6,2011
Nebraska,1823.0,187.0,36,10.2,2.1,2011
Nevada,2682.0,414.0,56,15.5,2.1,2011
New Hampshire,1300.0,99.0,20,7.6,1.5,2011
New Jersey,8642.0,988.0,125,11.4,1.5,2011
New Mexico,2037.0,451.0,59,22.2,3,2011
New York,19330.0,3085.0,237,16.0,1.2,2011
North Carolina,9504.0,1459.0,214,15.4,2.3,2011
North Dakota,675.0,67.0,16,9.9,2.3,2011
Ohio,11310.0,1708.0,212,15.1,2,2011
Oklahoma,3763.0,522.0,77,13.9,2,2011
Oregon,3850.0,553.0,84,14.4,2.1,2011
Pennsylvania,12700.0,1604.0,174,12.6,1.3,2011
Rhode Island,1038.0,139.0,16,13.4,1.6,2011
South Carolina,4605.0,874.0,105,19.0,2.3,2011
South Dakota,808.0,117.0,33,14.5,4.1,2011
Tennessee,6324.0,1030.0,171,16.3,2.8,2011
Texas,25550.0,4458.0,322,17.4,1.3,2011
Utah,2812.0,309.0,48,11.0,1.6,2011
Vermont,615.0,71.0,10,11.6,1.6,2011
Virginia,7971.0,907.0,115,11.4,1.5,2011
Washington,6812.0,854.0,122,12.5,1.8,2011
West Virginia,1820.0,318.0,56,17.5,3,2011
Wisconsin,5676.0,743.0,99,13.1,1.8,2011
State,,,Margin of error (±) (29),,Margin of error (±) (29),2009
Alabama,4655.0,770.0,99,16.6,2.1,2009
Alaska,688.0,81.0,13,11.7,2,2009
Arizona,6508.0,1381.0,138,21.2,2.1,2009
Arkansas,2846.0,538.0,66,18.9,2.3,2009
California,36740.0,5638.0,291,15.3,0.8,2009
Colorado,4969.0,613.0,95,12.3,2,2009
Connecticut,3472.0,292.0,58,8.4,1.6,2009
Delaware,883.0,109.0,18,12.3,2,2009
District of Columbia,595.0,107.0,15,17.9,2.5,2009
Florida,18390.0,2676.0,191,14.6,1,2009
Georgia,9657.0,1775.0,150,18.4,1.5,2009
Hawaii,1250.0,156.0,23,12.5,2,2009
Idaho,1524.0,209.0,31,13.7,2,2009
Illinois,12760.0,1690.0,155,13.2,1.2,2009
Indiana,6342.0,1023.0,115,16.1,1.8,2009
Iowa,2987.0,319.0,56,10.7,1.8,2009
Kansas,2737.0,374.0,58,13.7,2.1,2009
Kentucky,4276.0,727.0,95,17.0,2.3,2009
Louisiana,4450.0,636.0,90,14.3,2,2009
Maine,1297.0,148.0,26,11.4,2.1,2009
Maryland,5662.0,543.0,89,9.6,1.6,2009
Massachusetts,6623.0,717.0,99,10.8,1.5,2009
Michigan,9797.0,1376.0,137,14.0,1.3,2009
Minnesota,5200.0,576.0,89,11.1,1.6,2009
Mississippi,2847.0,658.0,72,23.1,2.5,2009
Missouri,5963.0,926.0,112,15.5,1.8,2009
Montana,971.0,131.0,20,13.5,2,2009
Nebraska,1778.0,176.0,33,9.9,1.8,2009
Nevada,2629.0,343.0,53,13.0,2,2009
New Hampshire,1313.0,103.0,21,7.8,1.6,2009
New Jersey,8660.0,806.0,109,9.3,1.3,2009
New Mexico,1971.0,381.0,51,19.3,2.6,2009
New York,19160.0,3018.0,206,15.8,1.2,2009
North Carolina,9336.0,1576.0,145,16.9,1.5,2009
North Dakota,632.0,69.0,12,10.9,1.8,2009
Ohio,11440.0,1526.0,143,13.3,1.3,2009
Oklahoma,3632.0,468.0,72,12.9,2,2009
Oregon,3821.0,510.0,81,13.4,2.1,2009
Pennsylvania,12400.0,1376.0,138,11.1,1.2,2009
Rhode Island,1030.0,134.0,23,13.0,2.1,2009
South Carolina,4501.0,618.0,90,13.7,2,2009
South Dakota,799.0,113.0,15,14.1,2,2009
Tennessee,6240.0,1031.0,115,16.5,1.8,2009
Texas,24630.0,4262.0,253,17.3,1,2009
Utah,2794.0,270.0,43,9.7,1.5,2009
Vermont,617.0,58.0,12,9.4,1.8,2009
Virginia,7767.0,831.0,107,10.7,1.3,2009
Washington,6697.0,781.0,107,11.7,1.6,2009
West Virginia,1801.0,285.0,36,15.8,2,2009
Wisconsin,5545.0,599.0,92,10.8,1.6,2009
State,,,Margin of error (±) (29),,Margin of error (±) (29),2008
Alabama,4716.0,675.0,94,14.3,2,2008
Alaska,672.0,55.0,12,8.2,1.6,2008
Arizona,6529.0,1172.0,130,18.0,2,2008
Arkansas,2822.0,431.0,59,15.3,2.1,2008
California,36640.0,5344.0,286,14.6,0.8,2008
Colorado,4908.0,541.0,90,11.0,1.8,2008
Connecticut,3433.0,276.0,56,8.1,1.6,2008
Delaware,861.0,82.0,15,9.6,1.8,2008
District of Columbia,590.0,98.0,15,16.5,2.5,2008
Florida,18020.0,2370.0,181,13.1,1,2008
Georgia,9541.0,1477.0,138,15.5,1.5,2008
Hawaii,1255.0,125.0,21,9.9,1.8,2008
Idaho,1515.0,185.0,30,12.2,2,2008
Illinois,12690.0,1564.0,148,12.3,1.2,2008
Indiana,6288.0,901.0,109,14.3,1.8,2008
Iowa,2986.0,285.0,53,9.5,1.8,2008
Kansas,2716.0,346.0,56,12.7,2.1,2008
Kentucky,4246.0,724.0,95,17.1,2.3,2008
Louisiana,4326.0,788.0,99,18.2,2.3,2008
Maine,1317.0,158.0,28,12.0,2.1,2008
Maryland,5528.0,481.0,84,8.7,1.5,2008
Massachusetts,6420.0,727.0,99,11.3,1.5,2008
Michigan,9806.0,1273.0,132,13.0,1.3,2008
Minnesota,5120.0,506.0,84,9.9,1.6,2008
Mississippi,2900.0,525.0,66,18.1,2.3,2008
Missouri,5861.0,780.0,104,13.3,1.8,2008
Montana,973.0,125.0,20,12.9,2,2008
Nebraska,1774.0,188.0,33,10.6,1.8,2008
Nevada,2581.0,278.0,49,10.8,2,2008
New Hampshire,1300.0,91.0,20,7.0,1.6,2008
New Jersey,8515.0,787.0,107,9.2,1.3,2008
New Mexico,1977.0,381.0,51,19.3,2.6,2008
New York,19310.0,2734.0,197,14.2,1,2008
North Carolina,9234.0,1285.0,132,13.9,1.5,2008
North Dakota,625.0,74.0,12,11.8,2,2008
Ohio,11390.0,1557.0,145,13.7,1.3,2008
Oklahoma,3550.0,484.0,74,13.6,2.1,2008
Oregon,3806.0,403.0,72,10.6,2,2008
Pennsylvania,12180.0,1335.0,137,11.0,1.2,2008
Rhode Island,1042.0,132.0,23,12.7,2.1,2008
South Carolina,4462.0,624.0,90,14.0,2,2008
South Dakota,794.0,104.0,15,13.1,1.8,2008
Tennessee,6163.0,924.0,110,15.0,1.8,2008
Texas,24170.0,3834.0,243,15.9,1,2008
Utah,2754.0,209.0,38,7.6,1.5,2008
Vermont,610.0,55.0,12,9.0,1.8,2008
Virginia,7735.0,799.0,105,10.3,1.3,2008
Washington,6526.0,680.0,100,10.4,1.5,2008
West Virginia,1796.0,260.0,35,14.5,2,2008
Wisconsin,5548.0,544.0,87,9.8,1.6,2008
State,,,Margin of error (±) (29),,Margin of error (±) (29),2007
Alabama,4566.0,662.0,92,14.5,2,2007
Alaska,675.0,51.0,12,7.6,1.6,2007
Arizona,6365.0,912.0,117,14.3,1.8,2007
Arkansas,2803.0,387.0,58,13.8,2,2007
California,36250.0,4589.0,268,12.7,0.8,2007
Colorado,4872.0,478.0,86,9.8,1.8,2007
Connecticut,3471.0,309.0,59,8.9,1.6,2007
Delaware,861.0,80.0,15,9.3,1.8,2007
District of Columbia,580.0,104.0,15,18.0,2.6,2007
Florida,18040.0,2250.0,178,12.5,1,2007
Georgia,9486.0,1294.0,132,13.6,1.3,2007
Hawaii,1264.0,94.0,20,7.5,1.5,2007
Idaho,1501.0,149.0,26,9.9,1.8,2007
Illinois,12680.0,1262.0,135,10.0,1.2,2007
Indiana,6258.0,740.0,100,11.8,1.6,2007
Iowa,2965.0,264.0,51,8.9,1.8,2007
Kansas,2720.0,319.0,54,11.7,2,2007
Kentucky,4202.0,653.0,90,15.5,2.1,2007
Louisiana,4186.0,673.0,92,16.1,2.1,2007
Maine,1312.0,142.0,26,10.9,2,2007
Maryland,5560.0,491.0,86,8.8,1.5,2007
Massachusetts,6336.0,707.0,97,11.2,1.5,2007
Michigan,9919.0,1076.0,122,10.8,1.3,2007
Minnesota,5188.0,482.0,82,9.3,1.6,2007
Mississippi,2895.0,655.0,72,22.6,2.5,2007
Missouri,5783.0,742.0,102,12.8,1.8,2007
Montana,938.0,122.0,20,13.0,2,2007
Nebraska,1751.0,174.0,33,9.9,1.8,2007
Nevada,2566.0,250.0,46,9.7,1.8,2007
New Hampshire,1312.0,76.0,18,5.8,1.5,2007
New Jersey,8548.0,742.0,104,8.7,1.2,2007
New Mexico,1941.0,271.0,44,14.0,2.3,2007
New York,19020.0,2757.0,199,14.5,1,2007
North Carolina,9170.0,1423.0,138,15.5,1.5,2007
North Dakota,614.0,57.0,12,9.3,1.8,2007
Ohio,11280.0,1446.0,140,12.8,1.3,2007
Oklahoma,3551.0,476.0,72,13.4,2.1,2007
Oregon,3761.0,481.0,77,12.8,2.1,2007
Pennsylvania,12300.0,1273.0,133,10.4,1.2,2007
Rhode Island,1042.0,99.0,20,9.5,1.8,2007
South Carolina,4380.0,617.0,89,14.1,2,2007
South Dakota,787.0,74.0,13,9.4,1.6,2007
Tennessee,6137.0,906.0,109,14.8,1.8,2007
Texas,23650.0,3903.0,243,16.5,1,2007
Utah,2651.0,255.0,43,9.6,1.6,2007
Vermont,613.0,61.0,12,9.9,2,2007
Virginia,7678.0,664.0,97,8.6,1.3,2007
Washington,6503.0,661.0,99,10.2,1.5,2007
West Virginia,1793.0,265.0,36,14.8,2,2007
Wisconsin,5458.0,601.0,92,11.0,1.6,2007
State,,,Margin of error (±) (29),,Margin of error (±) (29),2006
Alabama,4532.0,650.0,92,14.3,2,2006
Alaska,658.0,58.0,12,8.9,1.8,2006
Arizona,6256.0,902.0,117,14.4,1.8,2006
Arkansas,2748.0,487.0,63,17.7,2.3,2006
California,36160.0,4427.0,263,12.2,0.7,2006
Colorado,4797.0,466.0,86,9.7,1.8,2006
Connecticut,3457.0,275.0,56,8.0,1.6,2006
Delaware,858.0,80.0,15,9.3,1.8,2006
District of Columbia,569.0,104.0,15,18.3,2.6,2006
Florida,18030.0,2068.0,171,11.5,1,2006
Georgia,9334.0,1172.0,125,12.6,1.3,2006
Hawaii,1254.0,116.0,21,9.2,1.6,2006
Idaho,1472.0,141.0,26,9.5,1.8,2006
Illinois,12630.0,1338.0,140,10.6,1.2,2006
Indiana,6334.0,674.0,97,10.6,1.5,2006
Iowa,2913.0,301.0,54,10.3,1.8,2006
Kansas,2719.0,349.0,56,12.8,2.1,2006
Kentucky,4106.0,690.0,92,16.8,2.3,2006
Louisiana,4206.0,713.0,94,17.0,2.3,2006
Maine,1313.0,134.0,26,10.2,2,2006
Maryland,5607.0,469.0,84,8.4,1.5,2006
Massachusetts,6324.0,758.0,100,12.0,1.6,2006
Michigan,9953.0,1323.0,133,13.3,1.3,2006
Minnesota,5145.0,422.0,77,8.2,1.5,2006
Mississippi,2887.0,596.0,69,20.6,2.5,2006
Missouri,5797.0,659.0,95,11.4,1.6,2006
Montana,930.0,125.0,20,13.5,2.1,2006
Nebraska,1765.0,180.0,33,10.2,1.8,2006
Nevada,2530.0,241.0,46,9.5,1.8,2006
New Hampshire,1308.0,71.0,18,5.4,1.3,2006
New Jersey,8650.0,762.0,105,8.8,1.2,2006
New Mexico,1939.0,328.0,48,16.9,2.5,2006
New York,19020.0,2668.0,196,14.0,1,2006
North Carolina,8847.0,1225.0,130,13.8,1.5,2006
North Dakota,615.0,70.0,12,11.4,2,2006
Ohio,11300.0,1371.0,137,12.1,1.2,2006
Oklahoma,3489.0,531.0,77,15.2,2.1,2006
Oregon,3705.0,439.0,74,11.8,2,2006
Pennsylvania,12330.0,1397.0,138,11.3,1.2,2006
Rhode Island,1054.0,110.0,21,10.5,2,2006
South Carolina,4224.0,474.0,81,11.2,2,2006
South Dakota,770.0,82.0,13,10.7,1.8,2006
Tennessee,5916.0,879.0,107,14.9,1.8,2006
Texas,23210.0,3816.0,242,16.4,1,2006
Utah,2536.0,235.0,41,9.3,1.6,2006
Vermont,618.0,48.0,10,7.8,1.8,2006
Virginia,7532.0,651.0,95,8.6,1.3,2006
Washington,6310.0,502.0,87,8.0,1.3,2006
West Virginia,1810.0,277.0,36,15.3,2,2006
Wisconsin,5471.0,555.0,89,10.1,1.6,2006
State,,,Margin of error (±) (29),,Margin of error (±) (29),2005
Alabama,4501.0,750.0,97,16.7,2.1,2005
Alaska,657.0,66.0,12,10.0,1.8,2005
Arizona,6025.0,917.0,117,15.2,2,2005
Arkansas,2756.0,382.0,56,13.8,2.1,2005
California,35840.0,4716.0,270,13.2,0.8,2005
Colorado,4629.0,530.0,90,11.4,2,2005
Connecticut,3483.0,326.0,61,9.3,1.8,2005
Delaware,842.0,78.0,15,9.2,1.8,2005
District of Columbia,539.0,115.0,15,21.3,2.8,2005
Florida,17850.0,1975.0,168,11.1,1,2005
Georgia,9014.0,1298.0,132,14.4,1.5,2005
Hawaii,1274.0,110.0,20,8.6,1.6,2005
Idaho,1441.0,143.0,26,9.9,1.8,2005
Illinois,12570.0,1441.0,143,11.5,1.2,2005
Indiana,6131.0,774.0,102,12.6,1.6,2005
Iowa,2902.0,327.0,56,11.3,2,2005
Kansas,2693.0,337.0,56,12.5,2.1,2005
Kentucky,4049.0,599.0,87,14.8,2.1,2005
Louisiana,4086.0,748.0,95,18.3,2.3,2005
Maine,1314.0,166.0,28,12.6,2.1,2005
Maryland,5560.0,542.0,89,9.7,1.6,2005
Massachusetts,6318.0,641.0,94,10.1,1.5,2005
Michigan,9964.0,1196.0,128,12.0,1.3,2005
Minnesota,5113.0,412.0,76,8.1,1.5,2005
Mississippi,2843.0,571.0,67,20.1,2.5,2005
Missouri,5697.0,659.0,95,11.6,1.6,2005
Montana,926.0,128.0,20,13.8,2.1,2005
Nebraska,1760.0,167.0,31,9.5,1.8,2005
Nevada,2447.0,260.0,48,10.6,2,2005
New Hampshire,1298.0,73.0,18,5.6,1.5,2005
New Jersey,8692.0,592.0,94,6.8,1.2,2005
New Mexico,1938.0,347.0,48,17.9,2.5,2005
New York,19000.0,2760.0,199,14.5,1,2005
North Carolina,8538.0,1115.0,123,13.1,1.5,2005
North Dakota,625.0,70.0,12,11.2,2,2005
Ohio,11310.0,1392.0,138,12.3,1.2,2005
Oklahoma,3486.0,543.0,77,15.6,2.3,2005
Oregon,3619.0,436.0,74,12.0,2.1,2005
Pennsylvania,12240.0,1372.0,138,11.2,1.2,2005
Rhode Island,1052.0,127.0,21,12.1,2.1,2005
South Carolina,4164.0,626.0,90,15.0,2.1,2005
South Dakota,765.0,90.0,13,11.8,1.8,2005
Tennessee,5853.0,872.0,107,14.9,1.8,2005
Texas,22780.0,3681.0,237,16.2,1,2005
Utah,2521.0,232.0,39,9.2,1.6,2005
Vermont,621.0,47.0,10,7.6,1.6,2005
Virginia,7442.0,684.0,99,9.2,1.3,2005
Washington,6237.0,636.0,97,10.2,1.5,2005
West Virginia,1795.0,276.0,36,15.4,2,2005
Wisconsin,5440.0,553.0,89,10.2,1.6,2005
State,,,Margin of error (±) (29),,Margin of error (±) (29),2003
Alabama,4417.0,663.0,92,15.0,2,2003
Alaska,643.0,62.0,10,9.6,1.5,2003
Arizona,5558.0,749.0,115,13.5,2,2003
Arkansas,2670.0,474.0,64,17.8,2.1,2003
California,35310.0,4634.0,326,13.1,0.8,2003
Colorado,4478.0,436.0,66,9.7,1.3,2003
Connecticut,3417.0,278.0,46,8.1,1.3,2003
Delaware,818.0,60.0,12,7.3,1.5,2003
District of Columbia,550.0,92.0,13,16.8,2.3,2003
Florida,16880.0,2148.0,188,12.7,1,2003
Georgia,8559.0,1014.0,155,11.9,1.6,2003
Hawaii,1250.0,117.0,20,9.3,1.5,2003
Idaho,1356.0,138.0,25,10.2,1.6,2003
Illinois,12620.0,1592.0,156,12.6,1.2,2003
Indiana,6130.0,610.0,89,9.9,1.3,2003
Iowa,2916.0,260.0,43,8.9,1.5,2003
Kansas,2676.0,288.0,44,10.8,1.6,2003
Kentucky,4100.0,589.0,82,14.4,1.8,2003
Louisiana,4422.0,750.0,104,17.0,2.1,2003
Maine,1279.0,149.0,21,11.6,1.5,2003
Maryland,5485.0,472.0,77,8.6,1.3,2003
Massachusetts,6357.0,652.0,92,10.3,1.3,2003
Michigan,9893.0,1125.0,127,11.4,1.2,2003
Minnesota,5075.0,376.0,66,7.4,1.3,2003
Mississippi,2851.0,456.0,67,16.0,2.1,2003
Missouri,5606.0,602.0,90,10.7,1.5,2003
Montana,915.0,139.0,21,15.1,2.1,2003
Nebraska,1725.0,168.0,28,9.8,1.6,2003
Nevada,2242.0,244.0,36,10.9,1.5,2003
New Hampshire,1263.0,73.0,15,5.8,1.2,2003
New Jersey,8574.0,741.0,99,8.6,1.2,2003
New Mexico,1867.0,338.0,49,18.1,2.5,2003
New York,18920.0,2707.0,197,14.3,1,2003
North Carolina,8223.0,1289.0,141,15.7,1.6,2003
North Dakota,631.0,61.0,10,9.7,1.5,2003
Ohio,11230.0,1226.0,137,10.9,1.2,2003
Oklahoma,3430.0,440.0,66,12.8,1.8,2003
Oregon,3560.0,446.0,66,12.5,1.8,2003
Pennsylvania,12140.0,1279.0,135,10.5,1,2003
Rhode Island,1051.0,121.0,16,11.5,1.5,2003
South Carolina,4060.0,516.0,76,12.7,1.8,2003
South Dakota,749.0,95.0,13,12.7,1.6,2003
Tennessee,5901.0,829.0,123,14.0,2,2003
Texas,21830.0,3705.0,280,17.0,1.2,2003
Utah,2346.0,213.0,38,9.1,1.5,2003
Vermont,610.0,52.0,8,8.5,1.5,2003
Virginia,7367.0,740.0,117,10.0,1.5,2003
Washington,6078.0,766.0,112,12.6,1.8,2003
West Virginia,1785.0,310.0,38,17.4,2,2003
Wisconsin,5412.0,528.0,79,9.8,1.3,2003
State,,,Margin of error (±) (29),,Margin of error (±) (29),2002
Alabama,4432.0,640.0,90,14.5,2,2002
Alaska,632.0,56.0,10,8.8,1.5,2002
Arizona,5424.0,735.0,114,13.5,2,2002
Arkansas,2690.0,532.0,69,19.8,2.3,2002
California,35070.0,4605.0,324,13.1,0.8,2002
Colorado,4470.0,436.0,66,9.8,1.3,2002
Connecticut,3377.0,279.0,46,8.3,1.3,2002
Delaware,796.0,73.0,13,9.1,1.6,2002
District of Columbia,570.0,97.0,13,17.0,2.3,2002
Florida,16390.0,2058.0,184,12.6,1,2002
Georgia,8413.0,939.0,148,11.2,1.6,2002
Hawaii,1219.0,138.0,23,11.3,1.6,2002
Idaho,1296.0,147.0,25,11.3,1.8,2002
Illinois,12500.0,1594.0,158,12.8,1.2,2002
Indiana,6086.0,552.0,84,9.1,1.3,2002
Iowa,2899.0,267.0,44,9.2,1.5,2002
Kansas,2681.0,269.0,43,10.1,1.5,2002
Kentucky,4033.0,571.0,81,14.2,1.8,2002
Louisiana,4445.0,777.0,105,17.5,2.1,2002
Maine,1265.0,170.0,21,13.4,1.6,2002
Maryland,5419.0,400.0,72,7.4,1.3,2002
Massachusetts,6469.0,648.0,92,10.0,1.3,2002
Michigan,9897.0,1152.0,128,11.6,1.2,2002
Minnesota,5044.0,325.0,61,6.5,1.2,2002
Mississippi,2785.0,513.0,72,18.4,2.3,2002
Missouri,5581.0,551.0,87,9.9,1.5,2002
Montana,902.0,122.0,20,13.5,2.1,2002
Nebraska,1700.0,181.0,30,10.6,1.6,2002
Nevada,2114.0,188.0,31,8.9,1.5,2002
New Hampshire,1264.0,73.0,15,5.8,1.2,2002
New Jersey,8585.0,681.0,94,7.9,1,2002
New Mexico,1837.0,328.0,49,17.9,2.5,2002
New York,19220.0,2690.0,197,14.0,1,2002
North Carolina,8146.0,1165.0,135,14.3,1.5,2002
North Dakota,632.0,73.0,12,11.6,1.6,2002
Ohio,11250.0,1099.0,130,9.8,1.2,2002
Oklahoma,3473.0,489.0,71,14.1,1.8,2002
Oregon,3503.0,380.0,61,10.9,1.6,2002
Pennsylvania,12170.0,1152.0,128,9.5,1,2002
Rhode Island,1055.0,116.0,16,11.0,1.5,2002
South Carolina,3989.0,568.0,81,14.3,1.8,2002
South Dakota,743.0,85.0,13,11.5,1.6,2002
Tennessee,5655.0,839.0,123,14.8,2,2002
Texas,21480.0,3362.0,266,15.6,1.2,2002
Utah,2308.0,228.0,39,9.9,1.6,2002
Vermont,616.0,61.0,10,9.9,1.5,2002
Virginia,7108.0,702.0,114,9.9,1.5,2002
Washington,5988.0,657.0,104,11.0,1.6,2002
West Virginia,1747.0,293.0,36,16.8,2,2002
Wisconsin,5463.0,467.0,74,8.6,1.3,2002
State,,,Margin of error (±) (29),,Margin of error (±) (29),2001
Alabama,4378.0,696.0,94,15.9,2,2001
Alaska,632.0,54.0,10,8.5,1.5,2001
Arizona,5314.0,778.0,117,14.6,2,2001
Arkansas,2650.0,472.0,64,17.8,2.3,2001
California,34390.0,4321.0,314,12.6,0.8,2001
Colorado,4402.0,383.0,61,8.7,1.3,2001
Connecticut,3385.0,249.0,44,7.3,1.3,2001
Delaware,790.0,53.0,12,6.7,1.5,2001
District of Columbia,554.0,101.0,15,18.2,2.3,2001
Florida,16320.0,2077.0,184,12.7,1.2,2001
Georgia,8261.0,1069.0,158,12.9,1.8,2001
Hawaii,1205.0,138.0,21,11.4,1.8,2001
Idaho,1314.0,151.0,25,11.5,1.8,2001
Illinois,12310.0,1249.0,140,10.1,1.2,2001
Indiana,6030.0,511.0,81,8.5,1.3,2001
Iowa,2858.0,212.0,39,7.4,1.3,2001
Kansas,2635.0,267.0,43,10.1,1.5,2001
Kentucky,3989.0,503.0,76,12.6,1.8,2001
Louisiana,4372.0,709.0,100,16.2,2.1,2001
Maine,1277.0,132.0,20,10.3,1.5,2001
Maryland,5318.0,385.0,71,7.2,1.3,2001
Massachusetts,6302.0,561.0,86,8.9,1.3,2001
Michigan,9880.0,927.0,115,9.4,1.2,2001
Minnesota,4910.0,361.0,64,7.4,1.3,2001
Mississippi,2794.0,539.0,74,19.3,2.3,2001
Missouri,5513.0,537.0,86,9.7,1.5,2001
Montana,891.0,119.0,20,13.3,2.1,2001
Nebraska,1680.0,158.0,28,9.4,1.6,2001
Nevada,2129.0,152.0,28,7.1,1.3,2001
New Hampshire,1254.0,81.0,15,6.5,1.2,2001
New Jersey,8456.0,683.0,94,8.1,1.2,2001
New Mexico,1795.0,323.0,49,18.0,2.5,2001
New York,18780.0,2664.0,196,14.2,1,2001
North Carolina,8084.0,1013.0,125,12.5,1.5,2001
North Dakota,620.0,86.0,12,13.8,1.8,2001
Ohio,11180.0,1174.0,135,10.5,1.2,2001
Oklahoma,3372.0,508.0,71,15.1,2,2001
Oregon,3446.0,408.0,63,11.8,1.6,2001
Pennsylvania,12090.0,1158.0,128,9.6,1,2001
Rhode Island,1043.0,100.0,15,9.6,1.3,2001
South Carolina,3995.0,603.0,82,15.1,2,2001
South Dakota,737.0,62.0,12,8.4,1.5,2001
Tennessee,5670.0,802.0,122,14.1,2,2001
Texas,21030.0,3129.0,258,14.9,1.2,2001
Utah,2257.0,238.0,39,10.5,1.6,2001
Vermont,605.0,59.0,10,9.7,1.5,2001
Virginia,7080.0,564.0,102,8.0,1.3,2001
Washington,5920.0,634.0,102,10.7,1.6,2001
West Virginia,1769.0,291.0,36,16.4,2,2001
Wisconsin,5323.0,423.0,71,7.9,1.3,2001
State,,,Margin of error (±) (29),,Margin of error (±) (29),1998
Alabama,4190.0,609.0,132,14.5,3,1998
Alaska,641.0,60.0,16,9.4,2.3,1998
Arizona,4887.0,812.0,148,16.6,2.8,1998
Arkansas,2559.0,377.0,79,14.7,2.8,1998
California,33290.0,5118.0,426,15.4,1.2,1998
Colorado,3966.0,363.0,97,9.2,2.3,1998
Connecticut,3275.0,310.0,94,9.5,2.8,1998
Delaware,781.0,80.0,23,10.3,2.6,1998
District of Columbia,510.0,114.0,23,22.3,3.9,1998
Florida,14630.0,1923.0,229,13.1,1.5,1998
Georgia,7634.0,1034.0,201,13.5,2.5,1998
Hawaii,1201.0,131.0,36,10.9,2.8,1998
Idaho,1273.0,165.0,36,13.0,2.6,1998
Illinois,12260.0,1234.0,186,10.1,1.5,1998
Indiana,5830.0,547.0,145,9.4,2.3,1998
Iowa,2834.0,257.0,72,9.1,2.5,1998
Kansas,2615.0,250.0,67,9.6,2.5,1998
Kentucky,3860.0,521.0,115,13.5,2.8,1998
Louisiana,4305.0,821.0,148,19.1,3.1,1998
Maine,1263.0,131.0,36,10.4,2.8,1998
Maryland,5014.0,359.0,118,7.2,2.3,1998
Massachusetts,6100.0,528.0,110,8.7,1.6,1998
Michigan,10010.0,1097.0,169,11.0,1.6,1998
Minnesota,4815.0,498.0,125,10.3,2.5,1998
Mississippi,2758.0,486.0,94,17.6,3.1,1998
Missouri,5399.0,531.0,143,9.8,2.5,1998
Montana,922.0,153.0,30,16.6,3,1998
Nebraska,1713.0,211.0,49,12.3,2.8,1998
Nevada,1845.0,195.0,49,10.6,2.5,1998
New Hampshire,1216.0,119.0,36,9.8,2.8,1998
New Jersey,8072.0,693.0,127,8.6,1.5,1998
New Mexico,1823.0,371.0,64,20.4,3.1,1998
New York,18370.0,3068.0,275,16.7,1.3,1998
North Carolina,7412.0,1039.0,166,14.0,2.1,1998
North Dakota,644.0,97.0,21,15.1,3,1998
Ohio,11200.0,1253.0,189,11.2,1.6,1998
Oklahoma,3251.0,458.0,97,14.1,2.8,1998
Oregon,3352.0,503.0,110,15.0,3,1998
Pennsylvania,11890.0,1338.0,189,11.3,1.5,1998
Rhode Island,965.0,112.0,31,11.6,3,1998
South Carolina,3851.0,527.0,122,13.7,3,1998
South Dakota,710.0,77.0,20,10.8,2.6,1998
Tennessee,5569.0,749.0,168,13.4,2.8,1998
Texas,19890.0,2994.0,317,15.1,1.5,1998
Utah,2106.0,190.0,48,9.0,2.1,1998
Vermont,592.0,58.0,16,9.9,2.8,1998
Virginia,6679.0,589.0,156,8.8,2.3,1998
Washington,5729.0,512.0,145,8.9,2.5,1998
West Virginia,1748.0,312.0,59,17.8,3,1998
Wisconsin,5127.0,449.0,125,8.8,2.3,1998
State,,,Margin of error (±) (29),,Margin of error (±) (29),1997
Alabama,4243.0,665.0,137,15.7,3,1997
Alaska,640.0,56.0,15,8.8,2.3,1997
Arizona,4643.0,797.0,146,17.2,3,1997
Arkansas,2621.0,515.0,92,19.7,3.1,1997
California,32880.0,5459.0,441,16.6,1.3,1997
Colorado,3921.0,320.0,92,8.2,2.3,1997
Connecticut,3296.0,282.0,89,8.6,2.6,1997
Delaware,749.0,72.0,21,9.6,2.6,1997
District of Columbia,516.0,113.0,23,21.8,3.8,1997
Florida,14350.0,2056.0,235,14.3,1.5,1997
Georgia,7631.0,1109.0,209,14.5,2.5,1997
Hawaii,1182.0,164.0,39,13.9,3.1,1997
Idaho,1251.0,183.0,38,14.7,2.8,1997
Illinois,12070.0,1349.0,194,11.2,1.5,1997
Indiana,5849.0,515.0,141,8.8,2.3,1997
Iowa,2820.0,270.0,74,9.6,2.5,1997
Kansas,2583.0,250.0,67,9.7,2.5,1997
Kentucky,3913.0,623.0,127,15.9,3,1997
Louisiana,4241.0,691.0,135,16.3,3,1997
Maine,1222.0,124.0,36,10.1,2.8,1997
Maryland,5043.0,422.0,128,8.4,2.5,1997
Massachusetts,5991.0,732.0,128,12.2,2,1997
Michigan,9783.0,1006.0,161,10.3,1.6,1997
Minnesota,4748.0,457.0,120,9.6,2.5,1997
Mississippi,2731.0,455.0,90,16.7,3,1997
Missouri,5315.0,627.0,155,11.8,2.8,1997
Montana,892.0,139.0,28,15.6,3,1997
Nebraska,1658.0,163.0,44,9.8,2.5,1997
Nevada,1723.0,190.0,48,11.0,2.6,1997
New Hampshire,1197.0,109.0,35,9.1,2.8,1997
New Jersey,7967.0,737.0,130,9.3,1.6,1997
New Mexico,1823.0,387.0,66,21.2,3.3,1997
New York,18100.0,2979.0,271,16.5,1.3,1997
North Carolina,7345.0,839.0,148,11.4,2,1997
North Dakota,638.0,87.0,20,13.6,3,1997
Ohio,11210.0,1231.0,188,11.0,1.6,1997
Oklahoma,3321.0,456.0,97,13.7,2.6,1997
Oregon,3284.0,382.0,95,11.6,2.8,1997
Pennsylvania,11900.0,1337.0,189,11.2,1.5,1997
Rhode Island,943.0,120.0,31,12.7,3.1,1997
South Carolina,3813.0,500.0,118,13.1,3,1997
South Dakota,708.0,117.0,23,16.5,3.1,1997
Tennessee,5536.0,791.0,173,14.3,3,1997
Texas,19690.0,3297.0,332,16.7,1.5,1997
Utah,2085.0,185.0,48,8.9,2.1,1997
Vermont,580.0,54.0,16,9.3,2.8,1997
Virginia,6747.0,858.0,189,12.7,2.6,1997
Washington,5735.0,529.0,148,9.2,2.5,1997
West Virginia,1742.0,286.0,56,16.4,3,1997
Wisconsin,5120.0,422.0,120,8.2,2.3,1997
State,,,Margin of error (±) (29),,Margin of error (±) (29),1996
Alabama,4258.0,595.0,130,14.0,2.8,1996
Alaska,657.0,54.0,15,8.2,2.1,1996
Arizona,4786.0,980.0,163,20.5,3.1,1996
Arkansas,2606.0,449.0,86,17.2,3,1996
California,32310.0,5472.0,441,16.9,1.3,1996
Colorado,3869.0,412.0,104,10.6,2.5,1996
Connecticut,3341.0,392.0,105,11.7,3,1996
Delaware,732.0,63.0,20,8.6,2.6,1996
District of Columbia,538.0,130.0,25,24.1,3.9,1996
Florida,14340.0,2037.0,235,14.2,1.5,1996
Georgia,7390.0,1097.0,207,14.8,2.6,1996
Hawaii,1172.0,142.0,38,12.1,3,1996
Idaho,1185.0,140.0,33,11.9,2.6,1996
Illinois,11810.0,1429.0,199,12.1,1.6,1996
Indiana,5681.0,428.0,128,7.5,2.1,1996
Iowa,2898.0,279.0,74,9.6,2.5,1996
Kansas,2569.0,287.0,72,11.2,2.6,1996
Kentucky,3877.0,658.0,130,17.0,3.1,1996
Louisiana,4263.0,873.0,153,20.5,3.1,1996
Maine,1203.0,135.0,38,11.2,3,1996
Maryland,5085.0,522.0,141,10.3,2.6,1996
Massachusetts,6150.0,622.0,118,10.1,1.8,1996
Michigan,9572.0,1068.0,166,11.2,1.6,1996
Minnesota,4690.0,458.0,120,9.8,2.5,1996
Mississippi,2797.0,575.0,102,20.6,3.3,1996
Missouri,5268.0,500.0,138,9.5,2.5,1996
Montana,908.0,155.0,30,17.0,3,1996
Nebraska,1666.0,169.0,44,10.2,2.6,1996
Nevada,1634.0,133.0,41,8.1,2.5,1996
New Hampshire,1142.0,73.0,28,6.4,2.3,1996
New Jersey,7858.0,726.0,128,9.2,1.6,1996
New Mexico,1847.0,472.0,72,25.5,3.5,1996
New York,18350.0,3058.0,275,16.7,1.3,1996
North Carolina,7254.0,885.0,153,12.2,2,1996
North Dakota,628.0,69.0,18,11.0,2.6,1996
Ohio,11250.0,1424.0,201,12.7,1.6,1996
Oklahoma,3344.0,556.0,107,16.6,3,1996
Oregon,3234.0,382.0,95,11.8,2.8,1996
Pennsylvania,11890.0,1374.0,192,11.6,1.5,1996
Rhode Island,940.0,104.0,30,11.0,3,1996
South Carolina,3698.0,482.0,117,13.0,3,1996
South Dakota,701.0,82.0,20,11.8,2.6,1996
Tennessee,5528.0,878.0,181,15.9,3,1996
Texas,19180.0,3180.0,327,16.6,1.6,1996
Utah,1998.0,153.0,43,7.7,2.1,1996
Vermont,586.0,74.0,20,12.6,3.1,1996
Virginia,6481.0,795.0,181,12.3,2.6,1996
Washington,5620.0,666.0,166,11.9,2.8,1996
West Virginia,1745.0,323.0,59,18.5,3.1,1996
Wisconsin,5205.0,460.0,127,8.8,2.3,1996
State,,,Margin of error (±) (29),,Margin of error (±) (29),1990
Alabama,4063.0,779.0,137,19.2,3.3,1990
Alaska,499.0,57.0,13,11.4,2.6,1990
Arizona,3521.0,484.0,107,13.7,3,1990
Arkansas,2411.0,472.0,81,19.6,3.3,1990
California,29770.0,4128.0,337,13.9,1.2,1990
Colorado,3367.0,461.0,104,13.7,3.1,1990
Connecticut,3265.0,196.0,76,6.0,2.3,1990
Delaware,690.0,48.0,16,6.9,2.3,1990
District of Columbia,570.0,120.0,23,21.1,4.1,1990
Florida,13180.0,1896.0,192,14.4,1.5,1990
Georgia,6349.0,1001.0,197,15.8,3.1,1990
Hawaii,1100.0,121.0,31,11.0,2.8,1990
Idaho,1048.0,157.0,30,14.9,2.8,1990
Illinois,11700.0,1606.0,183,13.7,1.6,1990
Indiana,5480.0,714.0,165,13.0,3,1990
Iowa,2784.0,289.0,71,10.4,2.6,1990
Kansas,2510.0,259.0,63,10.3,2.5,1990
Kentucky,3620.0,628.0,120,17.3,3.3,1990
Louisiana,4034.0,952.0,158,23.6,3.8,1990
Maine,1231.0,162.0,36,13.1,3,1990
Maryland,4727.0,468.0,128,9.9,2.8,1990
Massachusetts,5832.0,626.0,84,10.7,1.5,1990
Michigan,9187.0,1315.0,145,14.3,1.6,1990
Minnesota,4366.0,524.0,125,12.0,2.8,1990
Mississippi,2663.0,684.0,92,25.7,3.5,1990
Missouri,5238.0,700.0,156,13.4,3,1990
Montana,820.0,134.0,25,16.3,3.1,1990
Nebraska,1617.0,167.0,39,10.3,2.5,1990
Nevada,1218.0,119.0,31,9.8,2.6,1990
New Hampshire,1085.0,68.0,26,6.3,2.5,1990
New Jersey,7741.0,711.0,100,9.2,1.3,1990
New Mexico,1524.0,319.0,51,20.9,3.5,1990
New York,18040.0,2571.0,212,14.3,1.2,1990
North Carolina,6377.0,829.0,95,13.0,1.5,1990
North Dakota,635.0,87.0,18,13.7,2.8,1990
Ohio,10890.0,1256.0,155,11.5,1.5,1990
Oklahoma,3091.0,481.0,95,15.6,3.1,1990
Oregon,2891.0,267.0,77,9.2,2.6,1990
Pennsylvania,12100.0,1328.0,165,11.0,1.3,1990
Rhode Island,946.0,71.0,25,7.5,2.6,1990
South Carolina,3391.0,548.0,99,16.2,3,1990
South Dakota,696.0,93.0,18,13.3,2.6,1990
Tennessee,4927.0,833.0,151,16.9,3.1,1990
Texas,16870.0,2684.0,270,15.9,1.6,1990
Utah,1739.0,143.0,39,8.2,2.3,1990
Vermont,564.0,61.0,16,10.9,3,1990
Virginia,6322.0,705.0,150,11.1,2.3,1990
Washington,4880.0,434.0,118,8.9,2.5,1990
West Virginia,1810.0,328.0,61,18.1,3.3,1990
Wisconsin,4815.0,448.0,114,9.3,2.3,1990
State,,,Margin of error (±) (29),,Margin of error (±) (29),1989
Alabama,4074.0,770.0,137,18.9,3.3,1989
Alaska,488.0,51.0,13,10.5,2.5,1989
Arizona,3556.0,502.0,109,14.1,3.1,1989
Arkansas,2419.0,442.0,79,18.3,3.3,1989
California,29350.0,3772.0,324,12.9,1.2,1989
Colorado,3258.0,393.0,97,12.1,3,1989
Connecticut,3136.0,90.0,53,2.9,1.6,1989
Delaware,676.0,68.0,20,10.0,2.8,1989
District of Columbia,569.0,102.0,23,18.0,3.9,1989
Florida,12760.0,1590.0,179,12.5,1.5,1989
Georgia,6197.0,929.0,191,15.0,3.1,1989
Hawaii,1086.0,122.0,31,11.3,3,1989
Idaho,1014.0,126.0,28,12.4,2.6,1989
Illinois,11560.0,1470.0,176,12.7,1.5,1989
Indiana,5453.0,749.0,168,13.7,3.1,1989
Iowa,2835.0,291.0,71,10.3,2.5,1989
Kansas,2434.0,262.0,63,10.8,2.6,1989
Kentucky,3576.0,576.0,115,16.1,3.3,1989
Louisiana,4080.0,950.0,156,23.3,3.8,1989
Maine,1233.0,128.0,33,10.4,2.6,1989
Maryland,4567.0,411.0,122,9.0,2.6,1989
Massachusetts,5831.0,513.0,77,8.8,1.3,1989
Michigan,9297.0,1228.0,141,13.2,1.5,1989
Minnesota,4268.0,478.0,120,11.2,2.8,1989
Mississippi,2574.0,566.0,87,22.0,3.3,1989
Missouri,5193.0,654.0,151,12.6,3,1989
Montana,816.0,127.0,25,15.6,3,1989
Nebraska,1602.0,204.0,43,12.8,2.6,1989
Nevada,1127.0,121.0,31,10.8,2.8,1989
New Hampshire,1100.0,84.0,28,7.7,2.6,1989
New Jersey,7623.0,622.0,95,8.2,1.3,1989
New Mexico,1519.0,297.0,51,19.5,3.3,1989
New York,17940.0,2254.0,201,12.6,1.2,1989
North Carolina,6301.0,770.0,92,12.2,1.5,1989
North Dakota,642.0,79.0,16,12.2,2.6,1989
Ohio,10750.0,1143.0,148,10.6,1.3,1989
Oklahoma,3126.0,460.0,94,14.7,3,1989
Oregon,2915.0,327.0,84,11.2,3,1989
Pennsylvania,12140.0,1261.0,161,10.4,1.3,1989
Rhode Island,963.0,64.0,23,6.7,2.5,1989
South Carolina,3446.0,585.0,100,17.0,3,1989
South Dakota,696.0,92.0,18,13.2,2.6,1989
Tennessee,4833.0,891.0,155,18.4,3.1,1989
Texas,16890.0,2880.0,278,17.1,1.6,1989
Utah,1683.0,138.0,39,8.2,2.3,1989
Vermont,556.0,44.0,15,8.0,2.6,1989
Virginia,6159.0,671.0,146,10.9,2.3,1989
Washington,4729.0,455.0,120,9.6,2.6,1989
West Virginia,1799.0,283.0,56,15.7,3.1,1989
Wisconsin,4694.0,393.0,107,8.4,2.3,1989
State,,,Margin of error (±) (29),,Margin of error (±) (29),1986
Alabama,4025.0,959.0,143,23.8,3.6,1986
Alaska,517.0,59.0,13,11.4,2.5,1986
Arizona,3386.0,484.0,104,14.3,3.1,1986
Arkansas,2342.0,499.0,79,21.3,3.5,1986
California,27080.0,3453.0,303,12.7,1.2,1986
Colorado,3157.0,426.0,97,13.5,3.1,1986
Connecticut,3125.0,186.0,71,6.0,2.3,1986
Delaware,639.0,79.0,20,12.4,3.1,1986
District of Columbia,602.0,77.0,20,12.8,3.3,1986
Florida,11780.0,1342.0,161,11.4,1.3,1986
Georgia,6023.0,879.0,181,14.6,3,1986
Hawaii,1024.0,109.0,30,10.7,2.8,1986
Idaho,973.0,180.0,31,18.5,3.1,1986
Illinois,11450.0,1517.0,173,13.3,1.5,1986
Indiana,5312.0,674.0,156,12.7,3,1986
Iowa,2907.0,376.0,77,12.9,2.6,1986
Kansas,2433.0,269.0,63,11.1,2.5,1986
Kentucky,3560.0,630.0,115,17.7,3.3,1986
Louisiana,4338.0,953.0,153,22.0,3.5,1986
Maine,1127.0,115.0,31,10.2,2.6,1986
Maryland,4504.0,414.0,118,9.2,2.6,1986
Massachusetts,5846.0,538.0,76,9.2,1.3,1986
Michigan,9112.0,1267.0,138,13.9,1.5,1986
Minnesota,4131.0,517.0,120,12.5,3,1986
Mississippi,2610.0,695.0,90,26.6,3.5,1986
Missouri,4998.0,722.0,153,14.4,3.1,1986
Montana,823.0,136.0,25,16.5,3,1986
Nebraska,1617.0,220.0,43,13.6,2.6,1986
Nevada,1010.0,82.0,26,8.1,2.5,1986
New Hampshire,1002.0,37.0,18,3.7,1.8,1986
New Jersey,7624.0,679.0,95,8.9,1.8,1986
New Mexico,1434.0,306.0,49,21.3,3.5,1986
New York,17590.0,2322.0,197,13.2,1.2,1986
North Carolina,6178.0,884.0,95,14.3,1.5,1986
North Dakota,651.0,88.0,16,13.5,2.6,1986
Ohio,10700.0,1372.0,155,12.8,1.5,1986
Oklahoma,3184.0,469.0,92,14.7,3,1986
Oregon,2702.0,332.0,82,12.3,3,1986
Pennsylvania,11780.0,1190.0,153,10.1,1.3,1986
Rhode Island,953.0,87.0,26,9.1,2.8,1986
South Carolina,3288.0,569.0,97,17.3,3,1986
South Dakota,697.0,118.0,20,17.0,2.8,1986
Tennessee,4650.0,853.0,148,18.3,3.1,1986
Texas,16370.0,2825.0,268,17.3,1.6,1986
Utah,1659.0,209.0,44,12.6,2.8,1986
Vermont,529.0,58.0,16,11.0,3,1986
Virginia,5624.0,547.0,130,9.7,2.3,1986
Washington,4369.0,563.0,128,12.9,3,1986
West Virginia,1927.0,432.0,64,22.4,3.5,1986
Wisconsin,4697.0,501.0,115,10.7,2.5,1986
State,,,Margin of error (±) (29),,Margin of error (±) (29),1983
Alabama,3950.0,909.0,146,23.0,3.3,1983
Alaska,486.0,61.0,13,12.6,2.5,1983
Arizona,2875.0,469.0,100,16.3,3.3,1983
Arkansas,2283.0,492.0,92,21.5,3.6,1983
California,25170.0,3755.0,319,14.9,1.2,1983
Colorado,3083.0,390.0,90,12.6,2.8,1983
Connecticut,3149.0,276.0,82,8.8,2.5,1983
Delaware,602.0,52.0,16,8.6,2.6,1983
District of Columbia,604.0,130.0,28,21.5,4.1,1983
Florida,10850.0,1595.0,219,14.7,1.8,1983
Georgia,5581.0,1050.0,176,18.8,2.8,1983
Hawaii,998.0,129.0,31,12.9,3,1983
Idaho,980.0,174.0,36,17.7,3.3,1983
Illinois,11350.0,1617.0,217,14.3,1.8,1983
Indiana,5382.0,865.0,150,16.1,2.6,1983
Iowa,2828.0,473.0,100,16.7,3.3,1983
Kansas,2369.0,321.0,79,13.6,3.1,1983
Kentucky,3752.0,670.0,140,17.9,3.5,1983
Louisiana,4360.0,939.0,148,21.5,3,1983
Maine,1157.0,144.0,36,12.4,3,1983
Maryland,4112.0,358.0,95,8.7,2.3,1983
Massachusetts,5731.0,443.0,97,7.7,1.6,1983
Michigan,9056.0,1518.0,204,16.8,2.1,1983
Minnesota,4138.0,502.0,118,12.1,2.6,1983
Mississippi,2481.0,669.0,105,27.0,3.6,1983
Missouri,4837.0,807.0,148,16.7,2.8,1983
Montana,810.0,125.0,28,15.4,3.1,1983
Nebraska,1577.0,240.0,54,15.2,3.1,1983
Nevada,885.0,86.0,26,9.7,2.8,1983
New Hampshire,938.0,76.0,25,8.1,2.6,1983
New Jersey,7451.0,828.0,146,11.1,1.8,1983
New Mexico,1385.0,340.0,59,24.5,3.6,1983
New York,17580.0,2817.0,271,16.0,1.5,1983
North Carolina,5890.0,933.0,168,15.8,2.6,1983
North Dakota,685.0,103.0,23,15.0,3.1,1983
Ohio,10680.0,1434.0,199,13.4,1.8,1983
Oklahoma,3259.0,553.0,107,17.0,3,1983
Oregon,2597.0,419.0,95,16.1,3.3,1983
Pennsylvania,11640.0,1797.0,222,15.4,1.8,1983
Rhode Island,971.0,141.0,35,14.5,3.3,1983
South Carolina,3295.0,687.0,123,20.8,3.3,1983
South Dakota,689.0,127.0,25,18.4,3.3,1983
Tennessee,4663.0,933.0,166,20.0,3.1,1983
Texas,15590.0,2499.0,283,16.0,1.6,1983
Utah,1591.0,214.0,48,13.5,2.8,1983
Vermont,531.0,83.0,20,15.6,3.5,1983
Virginia,5448.0,618.0,155,11.3,2.6,1983
Washington,4274.0,460.0,120,10.8,2.6,1983
West Virginia,1898.0,419.0,74,22.1,3.5,1983
Wisconsin,4736.0,504.0,132,10.7,2.6,1983
State,,,Margin of error (±) (29),,Margin of error (±) (29),1982
Alabama,3937.0,849.0,135,21.6,3,1982
Alaska,432.0,46.0,31,10.6,6.9,1982
Arizona,2765.0,408.0,94,14.8,3.1,1982
Arkansas,2219.0,527.0,107,23.8,4.1,1982
California,24610.0,3475.0,271,14.1,1,1982
Colorado,3064.0,387.0,90,12.6,2.8,1982
Connecticut,3126.0,254.0,74,8.1,2.3,1982
Delaware,611.0,70.0,39,11.5,5.9,1982
District of Columbia,609.0,117.0,51,19.3,7.4,1982
Florida,10510.0,1601.0,184,15.2,1.6,1982
Georgia,5472.0,1074.0,151,19.6,2.5,1982
Hawaii,997.0,132.0,53,13.2,4.9,1982
Idaho,967.0,151.0,58,15.6,5.4,1982
Illinois,11280.0,1512.0,179,13.4,1.5,1982
Indiana,5415.0,683.0,122,12.6,2.1,1982
Iowa,2770.0,371.0,89,13.4,3,1982
Kansas,2365.0,247.0,72,10.4,3,1982
Kentucky,3618.0,587.0,112,16.2,2.8,1982
Louisiana,4299.0,976.0,145,22.7,3,1982
Maine,1133.0,156.0,58,13.7,4.8,1982
Maryland,4190.0,516.0,105,12.3,2.3,1982
Massachusetts,5748.0,590.0,112,10.3,1.8,1982
Michigan,9117.0,1481.0,178,16.2,1.8,1982
Minnesota,4120.0,546.0,109,13.3,2.5,1982
Mississippi,2454.0,562.0,110,22.9,3.9,1982
Missouri,4798.0,699.0,122,14.6,2.3,1982
Montana,793.0,134.0,54,17.0,6.3,1982
Nebraska,1582.0,216.0,67,13.6,3.9,1982
Nevada,897.0,70.0,39,7.8,4.1,1982
New Hampshire,943.0,97.0,46,10.3,4.6,1982
New Jersey,7367.0,896.0,138,12.2,1.8,1982
New Mexico,1355.0,303.0,81,22.4,5.3,1982
New York,17660.0,2607.0,235,14.8,1.3,1982
North Carolina,5928.0,1201.0,160,20.3,2.5,1982
North Dakota,658.0,85.0,43,12.9,6.1,1982
Ohio,10710.0,1366.0,171,12.8,1.5,1982
Oklahoma,3111.0,478.0,102,15.4,3,1982
Oregon,2557.0,354.0,87,13.9,3.1,1982
Pennsylvania,11620.0,1572.0,183,13.5,1.5,1982
Rhode Island,942.0,125.0,53,13.3,5.1,1982
South Carolina,3301.0,701.0,123,21.2,3.3,1982
South Dakota,677.0,114.0,49,16.8,6.6,1982
Tennessee,4679.0,1106.0,155,23.6,3,1982
Texas,15150.0,2450.0,229,16.2,1.3,1982
Utah,1575.0,229.0,71,14.5,4.1,1982
Vermont,519.0,67.0,38,12.9,6.9,1982
Virginia,5329.0,668.0,120,12.5,2.1,1982
Washington,4259.0,549.0,109,12.9,2.3,1982
West Virginia,1951.0,484.0,102,24.8,4.6,1982
Wisconsin,4733.0,452.0,99,9.5,2,1982
State,,,Margin of error (±) (29),,Margin of error (±) (29),1980
Alabama,3831.0,810.0,132,21.2,3.1,1980
Alaska,379.0,36.0,28,9.6,7.1,1980
Arizona,2774.0,354.0,87,12.8,3,1980
Arkansas,2249.0,484.0,102,21.5,3.9,1980
California,23750.0,2619.0,237,11.0,1,1980
Colorado,2869.0,247.0,72,8.6,2.5,1980
Connecticut,3090.0,255.0,74,8.3,2.3,1980
Delaware,578.0,68.0,38,11.8,6.3,1980
District of Columbia,626.0,131.0,53,20.9,7.6,1980
Florida,10100.0,1692.0,191,16.7,1.6,1980
Georgia,5243.0,727.0,125,13.9,2.1,1980
Hawaii,954.0,81.0,41,8.5,4.1,1980
Idaho,934.0,138.0,54,14.7,5.4,1980
Illinois,11260.0,1386.0,173,12.3,1.5,1980
Indiana,5490.0,645.0,118,11.8,2,1980
Iowa,2868.0,311.0,82,10.8,2.6,1980
Kansas,2286.0,215.0,67,9.4,2.8,1980
Kentucky,3641.0,701.0,123,19.3,3,1980
Louisiana,4273.0,868.0,137,20.3,2.8,1980
Maine,1077.0,158.0,58,14.6,4.9,1980
Maryland,4104.0,389.0,92,9.5,2.1,1980
Massachusetts,5725.0,542.0,109,9.5,1.8,1980
Michigan,9227.0,1194.0,160,12.9,1.6,1980
Minnesota,3920.0,342.0,86,8.7,2.1,1980
Mississippi,2429.0,591.0,112,24.3,4.1,1980
Missouri,4800.0,625.0,115,13.0,2.3,1980
Montana,774.0,102.0,48,13.2,5.6,1980
Nebraska,1532.0,199.0,66,13.0,3.9,1980
Nevada,840.0,70.0,39,8.3,4.4,1980
New Hampshire,907.0,63.0,36,7.0,3.9,1980
New Jersey,7316.0,659.0,118,9.0,1.5,1980
New Mexico,1304.0,268.0,76,20.6,5.3,1980
New York,17320.0,2391.0,225,13.8,1.2,1980
North Carolina,5836.0,877.0,137,15.0,2.1,1980
North Dakota,640.0,99.0,46,15.5,6.6,1980
Ohio,10630.0,1046.0,150,9.8,1.3,1980
Oklahoma,2916.0,406.0,94,13.9,3,1980
Oregon,2684.0,309.0,82,11.5,2.8,1980
Pennsylvania,11670.0,1142.0,156,9.8,1.3,1980
Rhode Island,911.0,97.0,46,10.7,4.8,1980
South Carolina,3174.0,534.0,107,16.8,3.1,1980
South Dakota,677.0,127.0,53,18.8,6.9,1980
Tennessee,4519.0,884.0,138,19.6,2.8,1980
Texas,14330.0,2247.0,219,15.7,1.5,1980
Utah,1488.0,148.0,56,10.0,3.6,1980
Vermont,520.0,62.0,36,12.0,6.6,1980
Virginia,5204.0,647.0,118,12.4,2.1,1980
Washington,4223.0,538.0,107,12.7,2.3,1980
West Virginia,1952.0,297.0,81,15.2,3.8,1980
Wisconsin,4724.0,403.0,94,8.5,1.8,1980